scenario_id,question,location,decision_type,calculator,extraction_failed,gt_calculation_failed,alternative,energy_cost,environmental,comfort,practicality,rank,weighted_score
1,Cold day today with 2 people home. What's a good heating temperature?,"Bethlehem, PA",HVAC,HVACGroundTruthCalculator,False,False,67,7.98,7.98,6.11,7.29,2,7.5025
1,Cold day today with 2 people home. What's a good heating temperature?,"Bethlehem, PA",HVAC,HVACGroundTruthCalculator,False,False,70,7.67,7.67,10.0,7.29,1,8.079
1,Cold day today with 2 people home. What's a good heating temperature?,"Bethlehem, PA",HVAC,HVACGroundTruthCalculator,False,False,73,7.36,7.37,7.83,7.29,3,7.446999999999999
2,It's hot today and we're home as usual. What temperature should I set the AC to?,"Doylestown, PA",HVAC,HVACGroundTruthCalculator,False,False,72,3.93,3.93,5.73,9.59,3,5.138999999999999
2,It's hot today and we're home as usual. What temperature should I set the AC to?,"Doylestown, PA",HVAC,HVACGroundTruthCalculator,False,False,75,4.44,4.44,9.25,9.59,2,6.1745
2,It's hot today and we're home as usual. What temperature should I set the AC to?,"Doylestown, PA",HVAC,HVACGroundTruthCalculator,False,False,79,5.12,5.12,7.59,9.59,1,6.2844999999999995
3,It's cold outside and we're home as usual. What should I set the heat to?,"Doylestown, PA",HVAC,HVACGroundTruthCalculator,False,False,68,6.31,6.31,8.46,7.29,1,6.887
3,It's cold outside and we're home as usual. What should I set the heat to?,"Doylestown, PA",HVAC,HVACGroundTruthCalculator,False,False,71,5.94,5.94,9.25,7.29,2,6.8045
3,It's cold outside and we're home as usual. What should I set the heat to?,"Doylestown, PA",HVAC,HVACGroundTruthCalculator,False,False,74,5.58,5.58,6.65,7.29,3,6.0504999999999995
4,Someone's home all day and it's hot outside. What should I set the AC to?,"Media, PA",HVAC,HVACGroundTruthCalculator,False,False,75,6.82,6.82,9.32,9.59,2,7.7355
4,Someone's home all day and it's hot outside. What should I set the AC to?,"Media, PA",HVAC,HVACGroundTruthCalculator,False,False,78,7.18,7.19,8.6,10.0,1,7.8905
4,Someone's home all day and it's hot outside. What should I set the AC to?,"Media, PA",HVAC,HVACGroundTruthCalculator,False,False,81,7.55,7.55,5.13,10.0,3,7.433499999999999
5,Someone's home all day and it's cold. What heating temperature should I use?,"Media, PA",HVAC,HVACGroundTruthCalculator,False,False,67,6.99,6.99,6.11,7.29,2,6.859
5,Someone's home all day and it's cold. What heating temperature should I use?,"Media, PA",HVAC,HVACGroundTruthCalculator,False,False,70,6.64,6.64,10.0,7.29,1,7.4094999999999995
5,Someone's home all day and it's cold. What heating temperature should I use?,"Media, PA",HVAC,HVACGroundTruthCalculator,False,False,73,6.29,6.29,7.83,7.29,3,6.747999999999999
6,We're all out for 8 hours in the heat. What AC setting makes sense?,"Allentown, PA",HVAC,HVACGroundTruthCalculator,False,False,76,6.87,6.87,10.0,9.59,1,7.904
6,We're all out for 8 hours in the heat. What AC setting makes sense?,"Allentown, PA",HVAC,HVACGroundTruthCalculator,False,False,79,7.21,7.22,7.83,9.59,2,7.6945
6,We're all out for 8 hours in the heat. What AC setting makes sense?,"Allentown, PA",HVAC,HVACGroundTruthCalculator,False,False,82,7.56,7.56,4.06,10.0,3,7.226
7,We're all out for 8 hours in cold weather. What heating temperature is best?,"Allentown, PA",HVAC,HVACGroundTruthCalculator,False,False,66,6.69,6.69,5.13,7.29,3,6.467999999999999
7,We're all out for 8 hours in cold weather. What heating temperature is best?,"Allentown, PA",HVAC,HVACGroundTruthCalculator,False,False,69,6.33,6.33,9.32,7.29,1,7.071999999999999
7,We're all out for 8 hours in cold weather. What heating temperature is best?,"Allentown, PA",HVAC,HVACGroundTruthCalculator,False,False,72,5.97,5.97,8.6,7.29,2,6.693999999999999
8,The house will be empty for 12 hours today. What AC temperature should I set?,"Harrisburg, PA",HVAC,HVACGroundTruthCalculator,False,False,76,5.07,5.07,10.0,9.59,1,6.734
8,The house will be empty for 12 hours today. What AC temperature should I set?,"Harrisburg, PA",HVAC,HVACGroundTruthCalculator,False,False,79,5.52,5.52,7.34,9.59,2,6.494499999999999
8,The house will be empty for 12 hours today. What AC temperature should I set?,"Harrisburg, PA",HVAC,HVACGroundTruthCalculator,False,False,82,5.96,5.96,2.61,9.59,3,5.8345
9,The house will be empty for 12 hours today. What heat setting should I use?,"Harrisburg, PA",HVAC,HVACGroundTruthCalculator,False,False,66,4.49,4.49,4.28,7.29,3,4.867999999999999
9,The house will be empty for 12 hours today. What heat setting should I use?,"Harrisburg, PA",HVAC,HVACGroundTruthCalculator,False,False,69,4.03,4.03,9.18,7.29,1,5.549
9,The house will be empty for 12 hours today. What heat setting should I use?,"Harrisburg, PA",HVAC,HVACGroundTruthCalculator,False,False,72,3.56,3.56,8.3,7.29,2,5.0675
10,I'm working from home today and it's hot. What AC temperature should I use?,"Blue Bell, PA",HVAC,HVACGroundTruthCalculator,False,False,73,6.79,6.79,7.59,9.59,3,7.369999999999999
10,I'm working from home today and it's hot. What AC temperature should I use?,"Blue Bell, PA",HVAC,HVACGroundTruthCalculator,False,False,76,6.98,6.99,10.0,9.59,1,7.978999999999999
10,I'm working from home today and it's hot. What AC temperature should I use?,"Blue Bell, PA",HVAC,HVACGroundTruthCalculator,False,False,79,7.18,7.18,7.59,10.0,2,7.685
11,I'm working from home and it's cold outside. What should I set the heat to?,"Blue Bell, PA",HVAC,HVACGroundTruthCalculator,False,False,68,7.44,7.44,8.46,7.29,1,7.6215
11,I'm working from home and it's cold outside. What should I set the heat to?,"Blue Bell, PA",HVAC,HVACGroundTruthCalculator,False,False,71,7.14,7.14,9.25,7.29,2,7.584499999999999
11,I'm working from home and it's cold outside. What should I set the heat to?,"Blue Bell, PA",HVAC,HVACGroundTruthCalculator,False,False,74,6.84,6.84,6.65,7.29,3,6.8694999999999995
12,The house will be empty for 4 hours today. What AC temperature should I set?,"York, PA",HVAC,HVACGroundTruthCalculator,False,False,78,7.9,7.9,8.6,9.59,1,8.2935
12,The house will be empty for 4 hours today. What AC temperature should I set?,"York, PA",HVAC,HVACGroundTruthCalculator,False,False,81,8.16,8.17,5.13,9.59,2,7.7719999999999985
12,The house will be empty for 4 hours today. What AC temperature should I set?,"York, PA",HVAC,HVACGroundTruthCalculator,False,False,84,8.43,8.43,1.53,7.29,3,6.879
13,The house will be empty for 4 hours today. What heat setting should I use?,"York, PA",HVAC,HVACGroundTruthCalculator,False,False,65,7.96,7.96,4.06,7.29,3,7.0794999999999995
13,The house will be empty for 4 hours today. What heat setting should I use?,"York, PA",HVAC,HVACGroundTruthCalculator,False,False,68,7.68,7.68,8.6,7.29,1,7.8054999999999986
13,The house will be empty for 4 hours today. What heat setting should I use?,"York, PA",HVAC,HVACGroundTruthCalculator,False,False,71,7.4,7.4,9.32,7.29,2,7.7675
14,I'll be home all day working and it's hot outside. What AC temperature makes sense?,"Phoenixville, PA",HVAC,HVACGroundTruthCalculator,False,False,76,6.84,6.84,10.0,9.59,1,7.884499999999999
14,I'll be home all day working and it's hot outside. What AC temperature makes sense?,"Phoenixville, PA",HVAC,HVACGroundTruthCalculator,False,False,79,7.2,7.2,7.83,9.59,2,7.6845
14,I'll be home all day working and it's hot outside. What AC temperature makes sense?,"Phoenixville, PA",HVAC,HVACGroundTruthCalculator,False,False,82,7.56,7.56,4.06,10.0,3,7.226
15,I'll be home all day and it's cold. What temperature should I set the thermostat to?,"Phoenixville, PA",HVAC,HVACGroundTruthCalculator,False,False,66,6.79,6.79,5.13,7.29,3,6.5329999999999995
15,I'll be home all day and it's cold. What temperature should I set the thermostat to?,"Phoenixville, PA",HVAC,HVACGroundTruthCalculator,False,False,69,6.4,6.41,9.32,7.29,1,7.1209999999999996
15,I'll be home all day and it's cold. What temperature should I set the thermostat to?,"Phoenixville, PA",HVAC,HVACGroundTruthCalculator,False,False,72,6.02,6.02,8.6,7.29,2,6.726499999999999
16,No one's home for 8 hours and it's hot. What should I set the AC to?,"Scranton, PA",HVAC,HVACGroundTruthCalculator,False,False,75,7.68,7.68,9.32,10.0,2,8.355999999999998
16,No one's home for 8 hours and it's hot. What should I set the AC to?,"Scranton, PA",HVAC,HVACGroundTruthCalculator,False,False,78,8.0,8.0,8.6,10.0,1,8.419999999999998
16,No one's home for 8 hours and it's hot. What should I set the AC to?,"Scranton, PA",HVAC,HVACGroundTruthCalculator,False,False,81,8.33,8.33,6.11,10.0,3,8.136500000000002
17,No one's home for 8 hours and it's cold. What should I set the heat to?,"Scranton, PA",HVAC,HVACGroundTruthCalculator,False,False,66,6.48,6.48,5.13,7.29,3,6.331499999999999
17,No one's home for 8 hours and it's cold. What should I set the heat to?,"Scranton, PA",HVAC,HVACGroundTruthCalculator,False,False,69,6.14,6.14,9.32,7.29,1,6.948499999999999
17,No one's home for 8 hours and it's cold. What should I set the heat to?,"Scranton, PA",HVAC,HVACGroundTruthCalculator,False,False,72,5.8,5.8,8.6,7.29,2,6.583499999999999
18,We're all out for 8 hours in the heat. What AC setting makes sense?,"Norristown, PA",HVAC,HVACGroundTruthCalculator,False,False,78,7.92,7.92,8.6,9.59,1,8.3065
18,We're all out for 8 hours in the heat. What AC setting makes sense?,"Norristown, PA",HVAC,HVACGroundTruthCalculator,False,False,81,8.22,8.22,5.13,9.59,2,7.807499999999999
18,We're all out for 8 hours in the heat. What AC setting makes sense?,"Norristown, PA",HVAC,HVACGroundTruthCalculator,False,False,84,8.51,8.51,1.53,7.29,3,6.930999999999999
19,We're all out for 8 hours in cold weather. What heating temperature is best?,"Norristown, PA",HVAC,HVACGroundTruthCalculator,False,False,65,8.22,8.22,4.06,7.29,3,7.2485
19,We're all out for 8 hours in cold weather. What heating temperature is best?,"Norristown, PA",HVAC,HVACGroundTruthCalculator,False,False,68,7.96,7.96,8.6,7.29,1,7.987499999999999
19,We're all out for 8 hours in cold weather. What heating temperature is best?,"Norristown, PA",HVAC,HVACGroundTruthCalculator,False,False,71,7.7,7.7,9.32,7.29,2,7.9624999999999995
20,It's hot today and we're home as usual. What temperature should I set the AC to?,"Lower Merion, PA",HVAC,HVACGroundTruthCalculator,False,False,71,3.92,3.92,4.61,9.59,3,4.9085
20,It's hot today and we're home as usual. What temperature should I set the AC to?,"Lower Merion, PA",HVAC,HVACGroundTruthCalculator,False,False,75,4.47,4.47,9.25,9.59,2,6.193999999999999
20,It's hot today and we're home as usual. What temperature should I set the AC to?,"Lower Merion, PA",HVAC,HVACGroundTruthCalculator,False,False,79,5.02,5.02,7.59,9.59,1,6.2195
21,It's cold outside and we're home as usual. What should I set the heat to?,"Lower Merion, PA",HVAC,HVACGroundTruthCalculator,False,False,68,8.12,8.12,8.46,7.29,1,8.0635
21,It's cold outside and we're home as usual. What should I set the heat to?,"Lower Merion, PA",HVAC,HVACGroundTruthCalculator,False,False,71,7.85,7.85,9.25,7.29,2,8.046
21,It's cold outside and we're home as usual. What should I set the heat to?,"Lower Merion, PA",HVAC,HVACGroundTruthCalculator,False,False,74,7.58,7.58,6.65,7.29,3,7.350499999999999
22,The house is unoccupied for 4 hours today. What's the best AC temperature?,"King of Prussia, PA",HVAC,HVACGroundTruthCalculator,False,False,75,5.04,5.04,9.18,9.59,2,6.5504999999999995
22,The house is unoccupied for 4 hours today. What's the best AC temperature?,"King of Prussia, PA",HVAC,HVACGroundTruthCalculator,False,False,78,5.48,5.48,8.3,9.59,1,6.660500000000001
22,The house is unoccupied for 4 hours today. What's the best AC temperature?,"King of Prussia, PA",HVAC,HVACGroundTruthCalculator,False,False,81,5.93,5.93,4.06,9.59,3,6.105
23,The house is unoccupied for 4 hours. What should I set the thermostat to?,"King of Prussia, PA",HVAC,HVACGroundTruthCalculator,False,False,66,4.78,4.78,4.28,7.29,3,5.0565
23,The house is unoccupied for 4 hours. What should I set the thermostat to?,"King of Prussia, PA",HVAC,HVACGroundTruthCalculator,False,False,69,4.32,4.32,9.18,7.29,1,5.7375
23,The house is unoccupied for 4 hours. What should I set the thermostat to?,"King of Prussia, PA",HVAC,HVACGroundTruthCalculator,False,False,72,3.86,3.86,8.3,7.29,2,5.2625
24,It's hot today and we're home as usual. What temperature should I set the AC to?,"Pottstown, PA",HVAC,HVACGroundTruthCalculator,False,False,76,6.73,6.73,10.0,9.59,1,7.813000000000001
24,It's hot today and we're home as usual. What temperature should I set the AC to?,"Pottstown, PA",HVAC,HVACGroundTruthCalculator,False,False,79,7.1,7.1,7.83,10.0,2,7.681
24,It's hot today and we're home as usual. What temperature should I set the AC to?,"Pottstown, PA",HVAC,HVACGroundTruthCalculator,False,False,82,7.48,7.48,4.06,10.0,3,7.174
25,It's cold outside and we're home as usual. What should I set the heat to?,"Pottstown, PA",HVAC,HVACGroundTruthCalculator,False,False,66,5.9,5.9,5.13,7.29,3,5.9544999999999995
25,It's cold outside and we're home as usual. What should I set the heat to?,"Pottstown, PA",HVAC,HVACGroundTruthCalculator,False,False,69,5.48,5.48,9.32,7.29,1,6.5195
25,It's cold outside and we're home as usual. What should I set the heat to?,"Pottstown, PA",HVAC,HVACGroundTruthCalculator,False,False,72,5.06,5.06,8.6,7.29,2,6.102499999999999
26,It's hot today and everyone's home. What temperature makes sense for the AC?,"Exton, PA",HVAC,HVACGroundTruthCalculator,False,False,73,5.33,5.33,7.59,9.59,3,6.420999999999999
26,It's hot today and everyone's home. What temperature makes sense for the AC?,"Exton, PA",HVAC,HVACGroundTruthCalculator,False,False,76,5.66,5.66,10.0,9.59,1,7.1175
26,It's hot today and everyone's home. What temperature makes sense for the AC?,"Exton, PA",HVAC,HVACGroundTruthCalculator,False,False,79,6.0,6.0,7.59,9.59,2,6.856499999999999
27,It's cold today and everyone's home. What heating temperature should I use?,"Exton, PA",HVAC,HVACGroundTruthCalculator,False,False,67,6.99,6.99,5.82,7.29,2,6.800999999999999
27,It's cold today and everyone's home. What heating temperature should I use?,"Exton, PA",HVAC,HVACGroundTruthCalculator,False,False,70,6.65,6.66,10.0,7.29,1,7.4195
27,It's cold today and everyone's home. What heating temperature should I use?,"Exton, PA",HVAC,HVACGroundTruthCalculator,False,False,73,6.32,6.32,7.59,7.29,3,6.719499999999999
28,"With 2 people home on a hot day, what's the best AC setting?","Reading, PA",HVAC,HVACGroundTruthCalculator,False,False,78,6.4,6.4,8.6,9.59,1,7.3185
28,"With 2 people home on a hot day, what's the best AC setting?","Reading, PA",HVAC,HVACGroundTruthCalculator,False,False,81,6.81,6.82,5.13,9.59,2,6.894499999999999
28,"With 2 people home on a hot day, what's the best AC setting?","Reading, PA",HVAC,HVACGroundTruthCalculator,False,False,84,7.23,7.23,1.53,7.29,3,6.099
29,Cold day today with 2 people home. What's a good heating temperature?,"Reading, PA",HVAC,HVACGroundTruthCalculator,False,False,65,5.98,5.98,4.06,7.29,3,5.7924999999999995
29,Cold day today with 2 people home. What's a good heating temperature?,"Reading, PA",HVAC,HVACGroundTruthCalculator,False,False,68,5.25,5.55,8.6,7.29,1,6.3309999999999995
29,Cold day today with 2 people home. What's a good heating temperature?,"Reading, PA",HVAC,HVACGroundTruthCalculator,False,False,71,4.09,5.11,9.32,7.29,2,5.973
30,It's a hot day. What should I set my air conditioning to?,"Newtown, PA",HVAC,HVACGroundTruthCalculator,False,False,74,6.8,6.8,8.6,9.59,2,7.5785
30,It's a hot day. What should I set my air conditioning to?,"Newtown, PA",HVAC,HVACGroundTruthCalculator,False,False,77,6.99,6.99,9.32,9.59,1,7.846
30,It's a hot day. What should I set my air conditioning to?,"Newtown, PA",HVAC,HVACGroundTruthCalculator,False,False,80,7.17,7.18,6.11,10.0,3,7.386
31,It's a cold day. What should I set the thermostat to?,"Newtown, PA",HVAC,HVACGroundTruthCalculator,False,False,67,7.73,7.73,6.11,7.29,2,7.34
31,It's a cold day. What should I set the thermostat to?,"Newtown, PA",HVAC,HVACGroundTruthCalculator,False,False,70,7.42,7.42,10.0,7.29,1,7.9165
31,It's a cold day. What should I set the thermostat to?,"Newtown, PA",HVAC,HVACGroundTruthCalculator,False,False,73,7.11,7.11,7.83,7.29,3,7.281
32,It's hot today and we're home as usual. What temperature should I set the AC to?,"Wilkes-Barre, PA",HVAC,HVACGroundTruthCalculator,False,False,75,5.88,5.88,9.25,9.59,2,7.1105
32,It's hot today and we're home as usual. What temperature should I set the AC to?,"Wilkes-Barre, PA",HVAC,HVACGroundTruthCalculator,False,False,78,6.33,6.33,8.46,10.0,1,7.3065
32,It's hot today and we're home as usual. What temperature should I set the AC to?,"Wilkes-Barre, PA",HVAC,HVACGroundTruthCalculator,False,False,81,6.77,6.77,4.61,10.0,3,6.8225
33,It's cold outside and we're home as usual. What should I set the heat to?,"Wilkes-Barre, PA",HVAC,HVACGroundTruthCalculator,False,False,66,5.03,5.03,4.71,7.29,3,5.305
33,It's cold outside and we're home as usual. What should I set the heat to?,"Wilkes-Barre, PA",HVAC,HVACGroundTruthCalculator,False,False,69,4.57,4.57,9.25,7.29,1,5.914
33,It's cold outside and we're home as usual. What should I set the heat to?,"Wilkes-Barre, PA",HVAC,HVACGroundTruthCalculator,False,False,72,4.11,4.11,8.46,7.29,2,5.457
34,"With 2 people home on a hot day, what's the best AC setting?","Carlisle, PA",HVAC,HVACGroundTruthCalculator,False,False,78,6.34,6.35,8.6,9.59,1,7.2829999999999995
34,"With 2 people home on a hot day, what's the best AC setting?","Carlisle, PA",HVAC,HVACGroundTruthCalculator,False,False,81,6.79,6.79,5.13,10.0,2,6.9395
34,"With 2 people home on a hot day, what's the best AC setting?","Carlisle, PA",HVAC,HVACGroundTruthCalculator,False,False,84,7.24,7.24,1.53,7.29,3,6.105499999999999
35,Cold day today with 2 people home. What's a good heating temperature?,"Carlisle, PA",HVAC,HVACGroundTruthCalculator,False,False,65,6.15,6.15,4.06,7.29,3,5.903
35,Cold day today with 2 people home. What's a good heating temperature?,"Carlisle, PA",HVAC,HVACGroundTruthCalculator,False,False,68,5.71,5.71,8.6,7.29,1,6.5249999999999995
35,Cold day today with 2 people home. What's a good heating temperature?,"Carlisle, PA",HVAC,HVACGroundTruthCalculator,False,False,71,4.81,5.28,9.32,7.29,2,6.248499999999999
36,It's hot today and everyone's home. What temperature makes sense for the AC?,"Lebanon, PA",HVAC,HVACGroundTruthCalculator,False,False,76,4.0,4.0,10.0,9.59,1,6.038499999999999
36,It's hot today and everyone's home. What temperature makes sense for the AC?,"Lebanon, PA",HVAC,HVACGroundTruthCalculator,False,False,79,4.56,4.56,7.83,9.59,2,5.968499999999999
36,It's hot today and everyone's home. What temperature makes sense for the AC?,"Lebanon, PA",HVAC,HVACGroundTruthCalculator,False,False,82,5.11,5.11,4.06,10.0,3,5.633500000000001
37,It's cold today and everyone's home. What heating temperature should I use?,"Lebanon, PA",HVAC,HVACGroundTruthCalculator,False,False,66,3.57,3.57,5.13,7.29,2,4.4399999999999995
37,It's cold today and everyone's home. What heating temperature should I use?,"Lebanon, PA",HVAC,HVACGroundTruthCalculator,False,False,69,2.99,2.99,9.32,7.29,1,4.901
37,It's cold today and everyone's home. What heating temperature should I use?,"Lebanon, PA",HVAC,HVACGroundTruthCalculator,False,False,72,2.41,2.41,8.6,7.29,3,4.38
38,It's a hot day. What should I set my air conditioning to?,"Gettysburg, PA",HVAC,HVACGroundTruthCalculator,False,False,74,5.79,5.79,8.3,9.59,3,6.862
38,It's a hot day. What should I set my air conditioning to?,"Gettysburg, PA",HVAC,HVACGroundTruthCalculator,False,False,77,6.22,6.22,9.18,9.59,1,7.317499999999999
38,It's a hot day. What should I set my air conditioning to?,"Gettysburg, PA",HVAC,HVACGroundTruthCalculator,False,False,80,6.64,6.64,5.33,10.0,2,6.882
39,It's a cold day. What should I set the thermostat to?,"Gettysburg, PA",HVAC,HVACGroundTruthCalculator,False,False,67,5.76,5.76,5.53,7.29,2,5.943499999999999
39,It's a cold day. What should I set the thermostat to?,"Gettysburg, PA",HVAC,HVACGroundTruthCalculator,False,False,70,5.35,5.35,10.0,7.29,1,6.570999999999999
39,It's a cold day. What should I set the thermostat to?,"Gettysburg, PA",HVAC,HVACGroundTruthCalculator,False,False,73,4.94,4.94,7.34,7.29,3,5.7725
40,What temperature should I set the AC to overnight?,"Chambersburg, PA",HVAC,HVACGroundTruthCalculator,False,False,75,3.76,3.76,9.25,9.59,2,5.7325
40,What temperature should I set the AC to overnight?,"Chambersburg, PA",HVAC,HVACGroundTruthCalculator,False,False,78,4.31,4.31,8.46,9.59,1,5.932
40,What temperature should I set the AC to overnight?,"Chambersburg, PA",HVAC,HVACGroundTruthCalculator,False,False,81,4.85,4.85,4.61,9.59,3,5.513
41,What temperature should I set the heat to overnight?,"Chambersburg, PA",HVAC,HVACGroundTruthCalculator,False,False,67,2.94,2.94,5.82,7.29,2,4.1685
41,What temperature should I set the heat to overnight?,"Chambersburg, PA",HVAC,HVACGroundTruthCalculator,False,False,70,2.37,2.37,10.0,7.29,1,4.6339999999999995
41,What temperature should I set the heat to overnight?,"Chambersburg, PA",HVAC,HVACGroundTruthCalculator,False,False,73,1.8,1.8,7.59,7.29,3,3.7814999999999994
42,It's hot today and everyone's home. What temperature makes sense for the AC?,"Altoona, PA",HVAC,HVACGroundTruthCalculator,False,False,76,6.77,6.78,10.0,10.0,1,7.904
42,It's hot today and everyone's home. What temperature makes sense for the AC?,"Altoona, PA",HVAC,HVACGroundTruthCalculator,False,False,79,7.22,7.22,7.83,10.0,2,7.7589999999999995
42,It's hot today and everyone's home. What temperature makes sense for the AC?,"Altoona, PA",HVAC,HVACGroundTruthCalculator,False,False,82,7.66,7.67,4.06,10.0,3,7.2945
43,It's cold today and everyone's home. What heating temperature should I use?,"Altoona, PA",HVAC,HVACGroundTruthCalculator,False,False,66,5.21,5.87,5.13,7.29,2,5.736999999999999
43,It's cold today and everyone's home. What heating temperature should I use?,"Altoona, PA",HVAC,HVACGroundTruthCalculator,False,False,69,4.07,5.48,9.32,7.29,1,6.0965
43,It's cold today and everyone's home. What heating temperature should I use?,"Altoona, PA",HVAC,HVACGroundTruthCalculator,False,False,72,3.05,5.08,8.6,7.29,3,5.506499999999999
44,I'm setting the thermostat for bedtime. What AC temperature is best for sleeping?,"Stroudsburg, PA",HVAC,HVACGroundTruthCalculator,False,False,76,5.31,5.31,10.0,9.59,1,6.889999999999999
44,I'm setting the thermostat for bedtime. What AC temperature is best for sleeping?,"Stroudsburg, PA",HVAC,HVACGroundTruthCalculator,False,False,79,5.78,5.78,7.83,9.59,2,6.7615
44,I'm setting the thermostat for bedtime. What AC temperature is best for sleeping?,"Stroudsburg, PA",HVAC,HVACGroundTruthCalculator,False,False,82,6.26,6.26,4.06,10.0,3,6.381
45,I'm setting the thermostat for bedtime. What heating temperature is best for sleeping?,"Stroudsburg, PA",HVAC,HVACGroundTruthCalculator,False,False,66,4.77,4.77,5.13,7.29,3,5.219999999999999
45,I'm setting the thermostat for bedtime. What heating temperature is best for sleeping?,"Stroudsburg, PA",HVAC,HVACGroundTruthCalculator,False,False,69,4.28,4.28,9.32,7.29,1,5.7395
45,I'm setting the thermostat for bedtime. What heating temperature is best for sleeping?,"Stroudsburg, PA",HVAC,HVACGroundTruthCalculator,False,False,72,3.78,3.78,8.6,7.29,2,5.270499999999999
46,"With people home all day in the heat, what's the best AC setting?","Hazleton, PA",HVAC,HVACGroundTruthCalculator,False,False,78,1.72,4.17,8.46,8.72,1,4.9755
46,"With people home all day in the heat, what's the best AC setting?","Hazleton, PA",HVAC,HVACGroundTruthCalculator,False,False,80,2.12,4.49,5.73,9.59,2,4.792
46,"With people home all day in the heat, what's the best AC setting?","Hazleton, PA",HVAC,HVACGroundTruthCalculator,False,False,82,2.73,4.81,3.36,9.59,3,4.6129999999999995
47,It's hot today and we're home as usual. What temperature should I set the AC to?,"Monroeville, PA",HVAC,HVACGroundTruthCalculator,False,False,76,4.43,4.43,10.0,9.59,1,6.318
47,It's hot today and we're home as usual. What temperature should I set the AC to?,"Monroeville, PA",HVAC,HVACGroundTruthCalculator,False,False,78,4.76,4.76,8.6,9.59,2,6.2524999999999995
47,It's hot today and we're home as usual. What temperature should I set the AC to?,"Monroeville, PA",HVAC,HVACGroundTruthCalculator,False,False,80,5.1,5.1,6.11,9.59,3,5.9755
48,I'll be home all day working and it's hot outside. What AC temperature makes sense?,"New Castle, PA",HVAC,HVACGroundTruthCalculator,False,False,79,2.14,5.35,7.34,9.59,1,5.420999999999999
48,I'll be home all day working and it's hot outside. What AC temperature makes sense?,"New Castle, PA",HVAC,HVACGroundTruthCalculator,False,False,81,2.6,5.63,4.06,9.59,2,5.0009999999999994
48,I'll be home all day working and it's hot outside. What AC temperature makes sense?,"New Castle, PA",HVAC,HVACGroundTruthCalculator,False,False,83,3.29,5.92,0.94,8.33,3,4.4965
49,It's hot today and we're home as usual. What temperature should I set the AC to?,"Butler, PA",HVAC,HVACGroundTruthCalculator,False,False,72,4.19,4.19,5.73,9.59,3,5.308
49,It's hot today and we're home as usual. What temperature should I set the AC to?,"Butler, PA",HVAC,HVACGroundTruthCalculator,False,False,75,4.72,4.72,9.25,9.59,2,6.356499999999999
49,It's hot today and we're home as usual. What temperature should I set the AC to?,"Butler, PA",HVAC,HVACGroundTruthCalculator,False,False,78,5.25,5.25,8.46,9.59,1,6.542999999999999
50,The house will be empty for 4 hours today. What AC temperature should I set?,"Coatesville, PA",HVAC,HVACGroundTruthCalculator,False,False,77,4.37,5.0,9.32,9.59,2,6.3635
50,The house will be empty for 4 hours today. What AC temperature should I set?,"Coatesville, PA",HVAC,HVACGroundTruthCalculator,False,False,79,5.2,5.32,7.83,9.59,1,6.426499999999999
50,The house will be empty for 4 hours today. What AC temperature should I set?,"Coatesville, PA",HVAC,HVACGroundTruthCalculator,False,False,81,5.65,5.65,5.13,9.59,3,6.1370000000000005
51,It's a hot day. What should I set my air conditioning to?,"Uniontown, PA",HVAC,HVACGroundTruthCalculator,False,False,78,3.31,3.31,8.46,9.59,1,5.282
51,It's a hot day. What should I set my air conditioning to?,"Uniontown, PA",HVAC,HVACGroundTruthCalculator,False,False,80,3.76,3.76,5.73,9.59,2,5.028499999999999
51,It's a hot day. What should I set my air conditioning to?,"Uniontown, PA",HVAC,HVACGroundTruthCalculator,False,False,82,4.2,4.2,3.36,9.59,3,4.8405000000000005
52,Cold day today with 3 people home. What's a good heating temperature?,"Indiana, PA",HVAC,HVACGroundTruthCalculator,False,False,65,6.69,6.69,4.06,7.29,3,6.254
52,Cold day today with 3 people home. What's a good heating temperature?,"Indiana, PA",HVAC,HVACGroundTruthCalculator,False,False,68,6.35,6.35,8.6,7.29,1,6.940999999999999
52,Cold day today with 3 people home. What's a good heating temperature?,"Indiana, PA",HVAC,HVACGroundTruthCalculator,False,False,71,6.0,6.0,9.32,7.29,2,6.857499999999999
53,It's a hot day. What should I set my air conditioning to?,"Meadville, PA",HVAC,HVACGroundTruthCalculator,False,False,73,4.32,4.32,7.59,9.59,3,5.7645
53,It's a hot day. What should I set my air conditioning to?,"Meadville, PA",HVAC,HVACGroundTruthCalculator,False,False,76,4.72,4.72,10.0,9.59,1,6.506499999999999
53,It's a hot day. What should I set my air conditioning to?,"Meadville, PA",HVAC,HVACGroundTruthCalculator,False,False,79,5.11,5.11,7.59,9.59,2,6.2780000000000005
54,I'll be home all day working and it's hot outside. What AC temperature makes sense?,"Greensburg, PA",HVAC,HVACGroundTruthCalculator,False,False,79,4.13,5.63,7.83,9.59,1,6.214
54,I'll be home all day working and it's hot outside. What AC temperature makes sense?,"Greensburg, PA",HVAC,HVACGroundTruthCalculator,False,False,81,5.09,5.95,5.13,9.59,2,6.074
54,I'll be home all day working and it's hot outside. What AC temperature makes sense?,"Greensburg, PA",HVAC,HVACGroundTruthCalculator,False,False,83,6.13,6.28,2.86,8.33,3,5.8585
55,It's a hot day. What should I set my air conditioning to?,"DuBois, PA",HVAC,HVACGroundTruthCalculator,False,False,76,5.76,5.76,10.0,9.59,1,7.182499999999999
55,It's a hot day. What should I set my air conditioning to?,"DuBois, PA",HVAC,HVACGroundTruthCalculator,False,False,77,5.9,5.9,9.32,9.59,2,7.137499999999999
55,It's a hot day. What should I set my air conditioning to?,"DuBois, PA",HVAC,HVACGroundTruthCalculator,False,False,78,6.05,6.05,8.6,9.59,3,7.090999999999999
56,The house will be empty for 4 hours today. What AC temperature should I set?,"Oil City, PA",HVAC,HVACGroundTruthCalculator,False,False,82,6.82,6.82,3.36,10.0,2,6.6049999999999995
56,The house will be empty for 4 hours today. What AC temperature should I set?,"Oil City, PA",HVAC,HVACGroundTruthCalculator,False,False,76,6.22,6.22,10.0,9.59,1,7.481499999999999
56,The house will be empty for 4 hours today. What AC temperature should I set?,"Oil City, PA",HVAC,HVACGroundTruthCalculator,False,False,70,5.61,5.62,3.36,7.93,3,5.5115
57,Cold day today with 3 people home. What's a good heating temperature?,"Reading, PA",HVAC,HVACGroundTruthCalculator,False,False,65,4.68,4.68,4.06,7.29,2,4.9475
57,Cold day today with 3 people home. What's a good heating temperature?,"Reading, PA",HVAC,HVACGroundTruthCalculator,False,False,72,3.5,3.5,8.6,7.29,1,5.0885
57,Cold day today with 3 people home. What's a good heating temperature?,"Reading, PA",HVAC,HVACGroundTruthCalculator,False,False,79,2.18,2.32,2.86,5.47,3,2.8585
58,Someone's home all day and it's hot outside. What should I set the AC to?,"Carlisle, PA",HVAC,HVACGroundTruthCalculator,False,False,78,2.84,2.84,8.6,8.72,1,4.874
58,Someone's home all day and it's hot outside. What should I set the AC to?,"Carlisle, PA",HVAC,HVACGroundTruthCalculator,False,False,80,3.21,3.21,6.11,8.72,2,4.6165
58,Someone's home all day and it's hot outside. What should I set the AC to?,"Carlisle, PA",HVAC,HVACGroundTruthCalculator,False,False,82,3.59,3.59,4.06,8.72,3,4.4535
59,Cold day today with 4 people home. What's a good heating temperature?,"Chambersburg, PA",HVAC,HVACGroundTruthCalculator,False,False,66,1.72,2.1,4.71,7.29,3,3.2865
59,Cold day today with 4 people home. What's a good heating temperature?,"Chambersburg, PA",HVAC,HVACGroundTruthCalculator,False,False,69,1.13,1.6,9.25,7.29,1,3.8425000000000002
59,Cold day today with 4 people home. What's a good heating temperature?,"Chambersburg, PA",HVAC,HVACGroundTruthCalculator,False,False,72,0.65,1.1,8.46,7.29,2,3.3655
60,It's a cold day. What should I set the thermostat to?,"Gettysburg, PA",HVAC,HVACGroundTruthCalculator,False,False,68,10.0,10.0,8.6,10.0,2,9.72
60,It's a cold day. What should I set the thermostat to?,"Gettysburg, PA",HVAC,HVACGroundTruthCalculator,False,False,70,10.0,10.0,10.0,9.59,1,9.9385
60,It's a cold day. What should I set the thermostat to?,"Gettysburg, PA",HVAC,HVACGroundTruthCalculator,False,False,72,10.0,10.0,8.6,9.59,3,9.6585
61,I need to dry clothes this afternoon (around 2 PM). When should I start?,"York, PA",Appliance,ApplianceGroundTruthCalculator,False,False,2:00 PM,4.26,4.2,10.0,10.0,1,6.247999999999999
61,I need to dry clothes this afternoon (around 2 PM). When should I start?,"York, PA",Appliance,ApplianceGroundTruthCalculator,False,False,2:00 AM,6.25,4.2,1.53,0.0,3,3.651
61,I need to dry clothes this afternoon (around 2 PM). When should I start?,"York, PA",Appliance,ApplianceGroundTruthCalculator,False,False,9:00 PM,6.25,4.2,7.0,4.48,2,5.417
62,Dinner's done around 7 PM. What's the best time to run the dishwasher?,"Lancaster, PA",Appliance,ApplianceGroundTruthCalculator,False,False,4pm,7.67,7.65,0.94,3.83,2,5.741
62,Dinner's done around 7 PM. What's the best time to run the dishwasher?,"Lancaster, PA",Appliance,ApplianceGroundTruthCalculator,False,False,5pm,7.67,7.65,0.84,3.83,3,5.721
62,Dinner's done around 7 PM. What's the best time to run the dishwasher?,"Lancaster, PA",Appliance,ApplianceGroundTruthCalculator,False,False,7pm,8.52,7.65,10.0,10.0,1,8.7335
63,I'm ready to run the dishwasher after dinner (around 8 PM). When should I start it?,"Pittsburgh, PA",Appliance,ApplianceGroundTruthCalculator,False,False,8:00 PM,8.86,8.17,10.0,10.0,1,9.0175
63,I'm ready to run the dishwasher after dinner (around 8 PM). When should I start it?,"Pittsburgh, PA",Appliance,ApplianceGroundTruthCalculator,False,False,5:00 PM,8.18,8.17,0.94,3.83,3,6.075999999999999
63,I'm ready to run the dishwasher after dinner (around 8 PM). When should I start it?,"Pittsburgh, PA",Appliance,ApplianceGroundTruthCalculator,False,False,1:00 AM,8.86,8.17,5.2,1.14,2,6.7285
64,I want to run my dishwasher this afternoon (around 2 PM). When should I start it?,"Harrisburg, PA",Appliance,ApplianceGroundTruthCalculator,False,False,2:00 PM,8.18,8.17,1.14,3.83,3,6.116
64,I want to run my dishwasher this afternoon (around 2 PM). When should I start it?,"Harrisburg, PA",Appliance,ApplianceGroundTruthCalculator,False,False,10:00 PM,8.86,8.17,5.92,5.45,1,7.519
64,I want to run my dishwasher this afternoon (around 2 PM). When should I start it?,"Harrisburg, PA",Appliance,ApplianceGroundTruthCalculator,False,False,1:00 AM,8.86,8.17,3.59,1.03,2,6.39
65,The dishwasher is full (around 1 AM). Should I run it now or delay it?,"Allentown, PA",Appliance,ApplianceGroundTruthCalculator,False,False,1:00 AM,8.86,8.17,4.28,1.03,2,6.528
65,The dishwasher is full (around 1 AM). Should I run it now or delay it?,"Allentown, PA",Appliance,ApplianceGroundTruthCalculator,False,False,3:00 PM,8.18,8.17,1.04,3.83,3,6.096
65,The dishwasher is full (around 1 AM). Should I run it now or delay it?,"Allentown, PA",Appliance,ApplianceGroundTruthCalculator,False,False,11:00 PM,8.86,8.17,4.43,5.37,1,7.2090000000000005
66,I'm finally getting to laundry (around 1 AM). When should I start the washer?,"Philadelphia, PA",Appliance,ApplianceGroundTruthCalculator,False,False,1am,9.89,9.72,3.59,1.03,2,7.241499999999999
66,I'm finally getting to laundry (around 1 AM). When should I start the washer?,"Philadelphia, PA",Appliance,ApplianceGroundTruthCalculator,False,False,7pm,9.89,9.72,10.0,10.0,1,9.869
66,I'm finally getting to laundry (around 1 AM). When should I start the washer?,"Philadelphia, PA",Appliance,ApplianceGroundTruthCalculator,False,False,3pm,9.72,9.72,1.04,3.83,3,7.1005
67,I have time to do laundry this afternoon (around 5 PM). When should I start?,"Lancaster, PA",Appliance,ApplianceGroundTruthCalculator,False,False,5:00 PM,9.72,9.72,0.0,3.83,2,6.8925
67,I have time to do laundry this afternoon (around 5 PM). When should I start?,"Lancaster, PA",Appliance,ApplianceGroundTruthCalculator,False,False,2:00 PM,9.72,9.72,0.0,3.83,3,6.8925
67,I have time to do laundry this afternoon (around 5 PM). When should I start?,"Lancaster, PA",Appliance,ApplianceGroundTruthCalculator,False,False,10:00 PM,9.89,9.72,6.32,5.24,1,8.419
68,Planning to run the washing machine around 11 PM. Is that okay or should I wait?,"Pittsburgh, PA",Appliance,ApplianceGroundTruthCalculator,False,False,11:00 PM,9.94,9.81,5.03,5.09,1,8.185
68,Planning to run the washing machine around 11 PM. Is that okay or should I wait?,"Pittsburgh, PA",Appliance,ApplianceGroundTruthCalculator,False,False,3:00 PM,9.8,9.81,0.0,3.83,2,6.948
68,Planning to run the washing machine around 11 PM. Is that okay or should I wait?,"Pittsburgh, PA",Appliance,ApplianceGroundTruthCalculator,False,False,5:00 PM,9.8,9.81,0.0,3.83,3,6.948
69,I have time to do laundry this afternoon (around 5 PM). When should I start?,"Harrisburg, PA",Appliance,ApplianceGroundTruthCalculator,False,False,5:00 PM,9.89,9.9,10.0,10.0,1,9.932
69,I have time to do laundry this afternoon (around 5 PM). When should I start?,"Harrisburg, PA",Appliance,ApplianceGroundTruthCalculator,False,False,2:00 PM,9.89,9.9,0.94,3.83,3,7.1945
69,I have time to do laundry this afternoon (around 5 PM). When should I start?,"Harrisburg, PA",Appliance,ApplianceGroundTruthCalculator,False,False,9:00 PM,10.0,9.9,6.77,6.49,2,8.7925
70,Thinking of washing clothes around 4 PM. Good timing?,"Allentown, PA",Appliance,ApplianceGroundTruthCalculator,False,False,4:00 PM,9.72,9.72,10.0,10.0,1,9.818
70,Thinking of washing clothes around 4 PM. Good timing?,"Allentown, PA",Appliance,ApplianceGroundTruthCalculator,False,False,1:00 AM,9.89,9.72,2.61,0.0,3,6.891
70,Thinking of washing clothes around 4 PM. Good timing?,"Allentown, PA",Appliance,ApplianceGroundTruthCalculator,False,False,10:00 PM,9.89,9.72,5.13,2.58,2,7.782
71,I have time to do laundry this afternoon (around 4 PM). When should I start?,"Erie, PA",Appliance,ApplianceGroundTruthCalculator,False,False,4:00 PM,9.89,9.9,10.0,10.0,1,9.932
71,I have time to do laundry this afternoon (around 4 PM). When should I start?,"Erie, PA",Appliance,ApplianceGroundTruthCalculator,False,False,12:00 PM,10.0,9.9,1.04,3.83,3,7.2475000000000005
71,I have time to do laundry this afternoon (around 4 PM). When should I start?,"Erie, PA",Appliance,ApplianceGroundTruthCalculator,False,False,9:00 PM,10.0,9.9,6.71,4.05,2,8.4145
72,Thinking of washing clothes around 5 PM. Good timing?,"Scranton, PA",Appliance,ApplianceGroundTruthCalculator,False,False,5:00 PM,9.72,9.72,2.86,3.83,3,7.464499999999999
72,Thinking of washing clothes around 5 PM. Good timing?,"Scranton, PA",Appliance,ApplianceGroundTruthCalculator,False,False,1:00 AM,9.89,9.72,4.71,1.67,2,7.5615
72,Thinking of washing clothes around 5 PM. Good timing?,"Scranton, PA",Appliance,ApplianceGroundTruthCalculator,False,False,7:00 PM,9.89,9.72,10.0,10.0,1,9.869
73,It's late (around 7 PM) but I need to wash clothes. Should I do it now?,"Bethlehem, PA",Appliance,ApplianceGroundTruthCalculator,False,False,7:00 PM,10.0,9.9,10.0,10.0,1,9.965
73,It's late (around 7 PM) but I need to wash clothes. Should I do it now?,"Bethlehem, PA",Appliance,ApplianceGroundTruthCalculator,False,False,2:00 PM,9.89,9.9,1.14,3.83,3,7.234500000000001
73,It's late (around 7 PM) but I need to wash clothes. Should I do it now?,"Bethlehem, PA",Appliance,ApplianceGroundTruthCalculator,False,False,1:00 AM,10.0,9.9,5.13,1.03,2,7.645499999999999
74,I want to run a load of laundry around 5 PM. When's the best time?,"Reading, PA",Appliance,ApplianceGroundTruthCalculator,False,False,5:00 PM,9.8,9.81,10.0,10.0,1,9.8735
74,I want to run a load of laundry around 5 PM. When's the best time?,"Reading, PA",Appliance,ApplianceGroundTruthCalculator,False,False,10:00 PM,9.94,9.81,4.03,2.25,2,7.559
74,I want to run a load of laundry around 5 PM. When's the best time?,"Reading, PA",Appliance,ApplianceGroundTruthCalculator,False,False,1:00 AM,9.94,9.81,0.94,0.0,3,6.6034999999999995
75,Planning to run the washing machine around 9 PM. Is that okay or should I wait?,"York, PA",Appliance,ApplianceGroundTruthCalculator,False,False,9:00 PM,9.94,9.81,10.0,10.0,1,9.9155
75,Planning to run the washing machine around 9 PM. Is that okay or should I wait?,"York, PA",Appliance,ApplianceGroundTruthCalculator,False,False,12:00 AM,9.94,9.81,6.48,4.22,2,8.3445
75,Planning to run the washing machine around 9 PM. Is that okay or should I wait?,"York, PA",Appliance,ApplianceGroundTruthCalculator,False,False,2:00 PM,9.8,9.81,1.33,3.83,3,7.214
76,My laundry is ready to dry (around 2 PM). Should I run the dryer now or wait?,"Philadelphia, PA",Appliance,ApplianceGroundTruthCalculator,False,False,2:00 PM,4.26,4.2,10.0,10.0,1,6.247999999999999
76,My laundry is ready to dry (around 2 PM). Should I run the dryer now or wait?,"Philadelphia, PA",Appliance,ApplianceGroundTruthCalculator,False,False,9:00 PM,6.25,4.2,6.6,3.88,3,5.247
76,My laundry is ready to dry (around 2 PM). Should I run the dryer now or wait?,"Philadelphia, PA",Appliance,ApplianceGroundTruthCalculator,False,False,5:00 PM,4.26,4.2,8.46,6.56,2,5.4239999999999995
77,Planning to run the dryer around 2 PM. Is that a good time?,"Lancaster, PA",Appliance,ApplianceGroundTruthCalculator,False,False,2:00 PM,4.26,4.2,10.0,10.0,1,6.247999999999999
77,Planning to run the dryer around 2 PM. Is that a good time?,"Lancaster, PA",Appliance,ApplianceGroundTruthCalculator,False,False,12:00 AM,6.25,4.2,0.53,0.0,3,3.4509999999999996
77,Planning to run the dryer around 2 PM. Is that a good time?,"Lancaster, PA",Appliance,ApplianceGroundTruthCalculator,False,False,11:00 PM,6.25,4.2,0.64,0.0,2,3.473
78,I'm ready to dry clothes (around 1 AM). When should I start the dryer?,"Pittsburgh, PA",Appliance,ApplianceGroundTruthCalculator,False,False,1:00 AM,6.25,4.2,8.3,8.26,1,6.244
78,I'm ready to dry clothes (around 1 AM). When should I start the dryer?,"Pittsburgh, PA",Appliance,ApplianceGroundTruthCalculator,False,False,2:00 PM,4.26,4.2,1.71,3.83,3,3.6645
78,I'm ready to dry clothes (around 1 AM). When should I start the dryer?,"Pittsburgh, PA",Appliance,ApplianceGroundTruthCalculator,False,False,8:00 PM,6.25,4.2,1.14,3.83,2,4.147499999999999
79,I'm ready to dry clothes (around 8 PM). When should I start the dryer?,"Harrisburg, PA",Appliance,ApplianceGroundTruthCalculator,False,False,8:00 PM,6.25,4.2,10.0,10.0,1,6.845
79,I'm ready to dry clothes (around 8 PM). When should I start the dryer?,"Harrisburg, PA",Appliance,ApplianceGroundTruthCalculator,False,False,10:00 AM,6.25,4.2,1.62,3.83,2,4.243499999999999
79,I'm ready to dry clothes (around 8 PM). When should I start the dryer?,"Harrisburg, PA",Appliance,ApplianceGroundTruthCalculator,False,False,4:00 PM,4.26,4.2,1.04,3.83,3,3.5305
80,Planning to run the dryer around 1 AM. Is that the best time?,"Allentown, PA",Appliance,ApplianceGroundTruthCalculator,False,False,1:00 AM,6.25,4.2,4.43,4.14,2,4.851999999999999
80,Planning to run the dryer around 1 AM. Is that the best time?,"Allentown, PA",Appliance,ApplianceGroundTruthCalculator,False,False,9:00 PM,6.25,4.2,10.0,10.0,1,6.845
80,Planning to run the dryer around 1 AM. Is that the best time?,"Allentown, PA",Appliance,ApplianceGroundTruthCalculator,False,False,4:00 PM,4.26,4.2,1.14,3.83,3,3.5505
81,It's late (around midnight) and I need to dry laundry. Should I start now or delay?,"Erie, PA",Appliance,ApplianceGroundTruthCalculator,False,False,12:00 AM,6.48,4.54,3.67,1.14,2,4.438
81,It's late (around midnight) and I need to dry laundry. Should I start now or delay?,"Erie, PA",Appliance,ApplianceGroundTruthCalculator,False,False,7:00 PM,6.48,4.54,10.0,10.0,1,7.0329999999999995
81,It's late (around midnight) and I need to dry laundry. Should I start now or delay?,"Erie, PA",Appliance,ApplianceGroundTruthCalculator,False,False,3:00 PM,4.6,4.54,1.04,3.83,3,3.7515
82,I'm ready to dry clothes (around midnight). When should I start the dryer?,"Scranton, PA",Appliance,ApplianceGroundTruthCalculator,False,False,12:00 AM,6.25,4.2,8.3,8.26,1,6.244
82,I'm ready to dry clothes (around midnight). When should I start the dryer?,"Scranton, PA",Appliance,ApplianceGroundTruthCalculator,False,False,10:00 PM,6.25,4.2,0.0,0.0,3,3.3449999999999998
82,I'm ready to dry clothes (around midnight). When should I start the dryer?,"Scranton, PA",Appliance,ApplianceGroundTruthCalculator,False,False,4:00 PM,4.26,4.2,2.86,3.83,2,3.8945
83,My laundry is ready to dry (around 4 PM). Should I run the dryer now or wait?,"Bethlehem, PA",Appliance,ApplianceGroundTruthCalculator,False,False,4:00 PM,4.26,4.2,10.0,10.0,1,6.247999999999999
83,My laundry is ready to dry (around 4 PM). Should I run the dryer now or wait?,"Bethlehem, PA",Appliance,ApplianceGroundTruthCalculator,False,False,10:00 PM,6.25,4.2,5.53,3.15,2,4.9235
83,My laundry is ready to dry (around 4 PM). Should I run the dryer now or wait?,"Bethlehem, PA",Appliance,ApplianceGroundTruthCalculator,False,False,6:00 AM,6.25,4.2,0.64,0.0,3,3.473
84,Planning to run the dryer around 3 PM. Is that a good time?,"Reading, PA",Appliance,ApplianceGroundTruthCalculator,False,False,3:00 PM,4.26,4.2,10.0,10.0,1,6.247999999999999
84,Planning to run the dryer around 3 PM. Is that a good time?,"Reading, PA",Appliance,ApplianceGroundTruthCalculator,False,False,11:00 PM,6.25,4.2,2.35,3.15,2,4.2875
84,Planning to run the dryer around 3 PM. Is that a good time?,"Reading, PA",Appliance,ApplianceGroundTruthCalculator,False,False,1:00 AM,6.25,4.2,2.35,0.0,3,3.815
85,When should I do dishes today?,"York, PA",Appliance,ApplianceGroundTruthCalculator,False,False,7pm,8.86,8.17,10.0,10.0,1,9.0175
85,When should I do dishes today?,"York, PA",Appliance,ApplianceGroundTruthCalculator,False,False,10pm,8.86,8.17,6.11,5.68,2,7.591500000000001
85,When should I do dishes today?,"York, PA",Appliance,ApplianceGroundTruthCalculator,False,False,1am,8.86,8.17,4.06,1.67,3,6.58
86,What's the ideal shower length?,"Erie, PA",Shower,ShowerGroundTruthCalculator,False,False,6,8.59,9.68,7.83,4.27,1,8.1715
86,What's the ideal shower length?,"Erie, PA",Shower,ShowerGroundTruthCalculator,False,False,9,7.06,8.38,9.67,4.48,2,7.657
86,What's the ideal shower length?,"Erie, PA",Shower,ShowerGroundTruthCalculator,False,False,12,5.52,7.07,8.6,6.24,3,6.786499999999999
87,What's the ideal shower length?,"Scranton, PA",Shower,ShowerGroundTruthCalculator,False,False,5,9.11,10.0,5.13,2.44,2,7.624999999999999
87,What's the ideal shower length?,"Scranton, PA",Shower,ShowerGroundTruthCalculator,False,False,7,8.08,9.25,7.83,5.87,1,8.108
87,What's the ideal shower length?,"Scranton, PA",Shower,ShowerGroundTruthCalculator,False,False,10,6.55,7.94,10.0,5.09,3,7.507499999999999
88,What's the ideal shower length?,"Bethlehem, PA",Shower,ShowerGroundTruthCalculator,False,False,5,9.55,10.0,5.13,2.44,2,7.757
88,What's the ideal shower length?,"Bethlehem, PA",Shower,ShowerGroundTruthCalculator,False,False,10,7.44,8.7,10.0,5.09,1,8.0405
88,What's the ideal shower length?,"Bethlehem, PA",Shower,ShowerGroundTruthCalculator,False,False,15,5.32,6.9,8.6,4.48,3,6.403
89,How long should my showers be?,"Reading, PA",Shower,ShowerGroundTruthCalculator,False,False,5,9.79,10.0,5.13,0.0,3,7.462999999999999
89,How long should my showers be?,"Reading, PA",Shower,ShowerGroundTruthCalculator,False,False,8,8.66,9.74,7.83,3.83,1,8.147499999999999
89,How long should my showers be?,"Reading, PA",Shower,ShowerGroundTruthCalculator,False,False,12,7.16,8.46,8.6,6.24,2,7.765
90,How long should my showers be?,"York, PA",Shower,ShowerGroundTruthCalculator,False,False,5,9.36,10.0,5.13,2.44,2,7.699999999999999
90,How long should my showers be?,"York, PA",Shower,ShowerGroundTruthCalculator,False,False,10,7.05,8.37,10.0,5.09,1,7.807999999999999
90,How long should my showers be?,"York, PA",Shower,ShowerGroundTruthCalculator,False,False,15,4.75,6.41,8.6,4.48,3,6.060499999999999
91,How long should my showers be?,"West Chester, PA",Shower,ShowerGroundTruthCalculator,False,False,5,9.52,10.0,5.13,2.44,3,7.747999999999999
91,How long should my showers be?,"West Chester, PA",Shower,ShowerGroundTruthCalculator,False,False,7,8.66,9.74,7.83,1.93,2,7.8625
91,How long should my showers be?,"West Chester, PA",Shower,ShowerGroundTruthCalculator,False,False,10,7.37,8.64,10.0,5.09,1,7.998499999999999
92,How long should my showers be?,"State College, PA",Shower,ShowerGroundTruthCalculator,False,False,6,8.59,9.68,7.83,0.0,1,7.531
92,How long should my showers be?,"State College, PA",Shower,ShowerGroundTruthCalculator,False,False,10,6.55,7.94,9.32,5.09,2,7.371499999999999
92,How long should my showers be?,"State College, PA",Shower,ShowerGroundTruthCalculator,False,False,15,3.99,5.76,5.63,4.48,3,5.011
93,How long should my showers be?,"Doylestown, PA",Shower,ShowerGroundTruthCalculator,False,False,6,9.41,10.0,7.83,4.27,1,8.5295
93,How long should my showers be?,"Doylestown, PA",Shower,ShowerGroundTruthCalculator,False,False,9,8.29,9.42,10.0,4.48,2,8.456
93,How long should my showers be?,"Doylestown, PA",Shower,ShowerGroundTruthCalculator,False,False,12,7.16,8.46,10.0,6.24,3,8.045
94,What's the ideal shower length?,"Media, PA",Shower,ShowerGroundTruthCalculator,False,False,5,9.42,10.0,5.13,2.44,2,7.718
94,What's the ideal shower length?,"Media, PA",Shower,ShowerGroundTruthCalculator,False,False,8,8.08,9.24,7.83,7.29,1,8.317499999999999
94,What's the ideal shower length?,"Media, PA",Shower,ShowerGroundTruthCalculator,False,False,12,6.28,7.72,10.0,6.24,3,7.522
95,What's the ideal shower length?,"Norristown, PA",Shower,ShowerGroundTruthCalculator,False,False,6,8.65,9.73,7.83,0.0,1,7.5665000000000004
95,What's the ideal shower length?,"Norristown, PA",Shower,ShowerGroundTruthCalculator,False,False,10,6.64,8.02,9.32,5.09,2,7.426499999999999
95,What's the ideal shower length?,"Norristown, PA",Shower,ShowerGroundTruthCalculator,False,False,15,4.13,5.89,5.63,4.48,3,5.0985
96,What's the ideal shower length?,"King of Prussia, PA",Shower,ShowerGroundTruthCalculator,False,False,6,9.17,10.0,7.83,4.27,1,8.4575
96,What's the ideal shower length?,"King of Prussia, PA",Shower,ShowerGroundTruthCalculator,False,False,9,7.92,9.1,10.0,4.48,2,8.233
96,What's the ideal shower length?,"King of Prussia, PA",Shower,ShowerGroundTruthCalculator,False,False,12,6.66,8.04,10.0,6.24,3,7.747999999999999
97,How long should my showers be?,"Pottstown, PA",Shower,ShowerGroundTruthCalculator,False,False,5,9.79,10.0,5.13,2.44,3,7.828999999999999
97,How long should my showers be?,"Pottstown, PA",Shower,ShowerGroundTruthCalculator,False,False,8,8.66,9.74,7.83,7.29,1,8.6665
97,How long should my showers be?,"Pottstown, PA",Shower,ShowerGroundTruthCalculator,False,False,12,7.16,8.46,10.0,6.24,2,8.045
98,What's the ideal shower length?,"Exton, PA",Shower,ShowerGroundTruthCalculator,False,False,6,9.03,10.0,7.83,0.0,2,7.7749999999999995
98,What's the ideal shower length?,"Exton, PA",Shower,ShowerGroundTruthCalculator,False,False,9,7.72,8.93,9.67,4.48,1,8.0475
98,What's the ideal shower length?,"Exton, PA",Shower,ShowerGroundTruthCalculator,False,False,12,6.4,7.81,8.6,6.24,3,7.309499999999999
99,What's the ideal shower length?,"Newtown, PA",Shower,ShowerGroundTruthCalculator,False,False,5,9.12,10.0,5.13,2.44,1,7.627999999999999
99,What's the ideal shower length?,"Newtown, PA",Shower,ShowerGroundTruthCalculator,False,False,7,8.1,9.26,7.83,1.93,3,7.5264999999999995
99,What's the ideal shower length?,"Newtown, PA",Shower,ShowerGroundTruthCalculator,False,False,10,6.58,7.97,10.0,5.09,2,7.526999999999999
100,What's the ideal shower length?,"Wilkes-Barre, PA",Shower,ShowerGroundTruthCalculator,False,False,2,10.0,10.0,5.13,0.0,1,7.526
100,What's the ideal shower length?,"Wilkes-Barre, PA",Shower,ShowerGroundTruthCalculator,False,False,16,4.79,6.45,8.6,4.03,2,6.018999999999999
100,What's the ideal shower length?,"Wilkes-Barre, PA",Shower,ShowerGroundTruthCalculator,False,False,29,0.0,1.71,8.6,0.0,3,2.3185
